Metric,Value
Accuracy,0.88
Precision,0.9680851063829787
Recall,0.8584905660377359
F1,0.91
MCC,0.743906099630728
ROC-AUC,0.9452186963979415
PR-AUC,0.9790777828474146
