Metric,Value
Accuracy,0.8933333333333333
Precision,0.96875
Recall,0.8773584905660378
F1,0.9207920792079208
MCC,0.7675207553364977
ROC-AUC,0.9691252144082333
PR-AUC,0.9875087129710076
